accession;top1;top2;top3;top4;top5;top6;top7;top8;top9;top10;top11;top12;top13;top14;top15;top16;top17;top18;top19;top20
SRR7171680.fastq;AAAAAATx2;AAAAATAx2;AATGGx2;ATTCCx2;GAATGx2;TGGAAx2;TGGAAx3;TTCCAx2;GAATGx3;GAATGx4;TCCATx2;GGAATx4;ATTCCx3;AATGGx3;AATGGx4;GGAATx2;TTCCAx3;GAATGx5;ATTCCx4;CATTCx2
SRR7171678.fastq;AAAAAATx2;AAAAATAx2;TGGAAx2;AATGGx2;AATGGx3;GAATGx4;GAATGx2;TGGAAx4;TGGAAx3;ATGGAx2;AATGGx4;ATTCCx2;CAGCCCCCx2;GGAATx2;TCCATx2;ATTCCx3;TTCCAx3;GAATGx3;ATGGAx3;TGGAAx7
SRR7171675.fastq;GGGCTGGGGACCTGGAx2;CCCCAGCCCTCCAGGTx2;AAAAAATx2;AAAAATAx2;GGGCTGGGx2;CAGCCCCCx2;CCCCAGCCx2;CTGGGGACCTGGAGGGx2;ATGGAx2;CATTCx2;CTCCAGGTCCCCAGCCx2;CATTCx6;TGGAAx2;ATTCCx2;CCATTx2;TCCCCAGCCCTCCAGGx2;TTCCAx2;TGGAAx3;ATTCCx4;TGGGGACCTGGAGGGCx2
SRR7171663.fastq;GGGCTGGGGACCTGGAx2;CCCCAGCCCTCCAGGTx2;GGGCTGGGx2;AAAAAATx2;CAGCCCCCx2;AAAAATAx2;CCCCAGCCx2;TGGAAx2;CATTCx4;AATGGx2;GAATGx2;CTGGGGACCTGGAGGGx2;ATTCCx2;TCCCCAGCCCTCCAGGx2;TTCCAx2;TGGAAx3;TTCCAx3;TGGAAx4;GGAATx2;CCCCCAGCx2
SRR7171668.fastq;GGGCTGGGGACCTGGAx2;CCCCAGCCCTCCAGGTx2;GGGCTGGGx2;AAAAAATx2;CAGCCCCCx2;CCCCAGCCx2;AAAAATAx2;TGGAAx2;AATGGx2;TTCCAx2;ATTCCx2;CTGGGGACCTGGAGGGx2;TCCCCAGCCCTCCAGGx2;GAATGx2;TGGAAx3;TCCATx2;ATTCCx3;CATTCx2;TTCCAx3;CCCCCAGCx2
ERR251402.fastq;ATTCCx2;AATGGx2;GAATGx2;TCCATx2;TGGAAx2;GGAATx2;CATTCx2;TTCCAx2;ATTCCx3;ATGGAx2;CCATTx2;ATTCCx4;AATGGx3;TGGAAx3;GAATGx3;GGAATx3;GGAATx4;CATTCx3;TTCCAx3;GAATGx4
SRR7171664.fastq;GGGCTGGGGACCTGGAx2;CCCCAGCCCTCCAGGTx2;GGGCTGGGx2;AAAAAATx2;CAGCCCCCx2;AAAAATAx2;AATGGx2;ATTCCx2;TTCCAx2;GAATGx2;TGGAAx2;ATTCCx3;TCCATx2;AATGGx3;CATTCx2;ATTCCx4;GGAATx2;TGGAAx3;GAATGx4;TTCCAx3
ERR1602666.fastq;AATGGx2;ATTCCx2;GAATGx2;TGGAAx2;GGAATx2;TCCATx2;CATTCx2;TTCCAx2;ATGGAx2;AATGGx3;ATTCCx3;TGGAAx3;GAATGx3;GGAATx3;CCATTx2;ATTCCx4;AATGGx4;GAATGx4;GGAATx4;CATTCx3
ERR1602657.fastq;AATGGx2;ATTCCx2;GAATGx2;GGAATx2;TGGAAx2;TCCATx2;CATTCx2;TTCCAx2;ATGGAx2;AATGGx3;ATTCCx3;GAATGx3;TGGAAx3;CCATTx2;GGAATx3;AATGGx4;GAATGx4;ATTCCx4;GGAATx4;CATTCx3
SRR7171677.fastq;GGGCTGGGGACCTGGAx2;CCCCAGCCCTCCAGGTx2;GGGCTGGGx2;CAGCCCCCx2;AAAAAATx2;CCCCAGCCx2;AAAAATAx2;AATGGx2;ATTCCx2;TTCCAx2;TGGAAx2;GAATGx2;CCCCCAGCx2;CTCCAGGTCCCCAGCCx2;TTCCAx3;ATTCCx3;TCCCCAGCCCTCCAGGx2;TCCATx2;TGGAAx3;AATGGx3
ERR1602655.fastq;AATGGx2;ATTCCx2;GAATGx2;TGGAAx2;GGAATx2;TCCATx2;CATTCx2;TTCCAx2;ATGGAx2;AATGGx3;ATTCCx3;GAATGx3;TGGAAx3;CCATTx2;GGAATx3;GAATGx4;AATGGx4;ATTCCx4;CATTCx3;GGAATx4
ERR251379.fastq;ATTCCx2;AATGGx2;GGAATx2;TCCATx2;TGGAAx2;GAATGx2;ATTCCx3;TTCCAx2;CATTCx2;ATGGAx2;CCATTx2;ATTCCx4;AATGGx3;TGGAAx3;GAATGx3;GGAATx4;GGAATx3;GAATGx4;CATTCx3;TTCCAx3
ERR251346.fastq;ATTCCx2;AATGGx2;GAATGx2;TCCATx2;TGGAAx2;GGAATx2;CATTCx2;ATTCCx3;TTCCAx2;ATGGAx2;CCATTx2;ATTCCx4;AATGGx3;TGGAAx3;GAATGx3;GGAATx3;GGAATx4;GAATGx4;TTCCAx3;CATTCx3
SRR7171672.fastq;GGGCTGGGGACCTGGAx2;CCCCAGCCCTCCAGGTx2;AAAAAATx2;AAAAATAx2;GGGCTGGGx2;CAGCCCCCx2;CCCCAGCCx2;AATGGx3;CTGGGGACCTGGAGGGx2;TTCCAx4;AATGGx4;ATTCCx2;AATGGx2;GGAATx2;CCCCCAGCx2;TTCCAx2;ATTCCx3;GGAATx3;CATTCx2;GGAATx7
ERR251377.fastq;ATTCCx2;AATGGx2;TCCATx2;GAATGx2;TGGAAx2;GGAATx2;CATTCx2;TTCCAx2;ATTCCx3;ATGGAx2;CCATTx2;ATTCCx4;AATGGx3;TGGAAx3;GAATGx3;CATTCx3;GGAATx3;GGAATx4;TTCCAx3;GAATGx4
ERR251347.fastq;ATTCCx2;AATGGx2;TCCATx2;TGGAAx2;GAATGx2;GGAATx2;ATTCCx3;TTCCAx2;CATTCx2;ATGGAx2;CCATTx2;ATTCCx4;AATGGx3;TGGAAx3;GAATGx3;GGAATx4;GGAATx3;GAATGx4;CATTCx3;TTCCAx3
ERR1602661.fastq;AATGGx2;ATTCCx2;GAATGx2;GGAATx2;TGGAAx2;TCCATx2;CATTCx2;TTCCAx2;ATGGAx2;AATGGx3;ATTCCx3;GAATGx3;CCATTx2;TGGAAx3;GGAATx3;GAATGx4;AATGGx4;ATTCCx4;GGAATx4;CATTCx3
ERR1602651.fastq;AATGGx2;ATTCCx2;GAATGx2;GGAATx2;TGGAAx2;TCCATx2;TTCCAx2;CATTCx2;ATGGAx2;AATGGx3;ATTCCx3;GAATGx3;CCATTx2;TGGAAx3;GGAATx3;AATGGx4;GAATGx4;ATTCCx4;GGAATx4;CATTCx3
ERR1602667.fastq;AATGGx2;ATTCCx2;GAATGx2;TGGAAx2;GGAATx2;TCCATx2;CATTCx2;TTCCAx2;ATGGAx2;AATGGx3;ATTCCx3;GAATGx3;TGGAAx3;CCATTx2;GGAATx3;GAATGx4;AATGGx4;ATTCCx4;GGAATx4;CATTCx3
ERR1602660.fastq;AATGGx2;ATTCCx2;GAATGx2;GGAATx2;TGGAAx2;TCCATx2;CATTCx2;TTCCAx2;ATGGAx2;AATGGx3;CCATTx2;GAATGx3;ATTCCx3;TGGAAx3;GGAATx3;GAATGx4;AATGGx4;ATTCCx4;CATTCx3;GGAATx4
ERR251380.fastq;ATTCCx2;AATGGx2;GGAATx2;TCCATx2;TGGAAx2;GAATGx2;ATTCCx3;TTCCAx2;CATTCx2;ATGGAx2;CCATTx2;ATTCCx4;AATGGx3;TGGAAx3;GAATGx3;GGAATx4;GGAATx3;GAATGx4;CATTCx3;TTCCAx3
ERR1602658.fastq;AATGGx2;ATTCCx2;GAATGx2;GGAATx2;TGGAAx2;TCCATx2;CATTCx2;TTCCAx2;ATGGAx2;AATGGx3;ATTCCx3;GAATGx3;CCATTx2;TGGAAx3;GGAATx3;AATGGx4;GAATGx4;ATTCCx4;GGAATx4;CATTCx3
ERR251343.fastq;ATTCCx2;AATGGx2;TGGAAx2;GAATGx2;TCCATx2;GGAATx2;ATTCCx3;TTCCAx2;CATTCx2;ATGGAx2;CCATTx2;ATTCCx4;TGGAAx3;AATGGx3;GAATGx3;GGAATx3;CATTCx3;TTCCAx3;GGAATx4;GAATGx4
SRR7171676.fastq;ATTCCx2;AATGGx2;TTCCAx2;TGGAAx2;GAATGx2;ATTCCx3;TCCATx2;TGGAAx3;ATTCCx4;AATGGx3;CATTCx2;TTCCAx3;GAATGx4;GGAATx2;TTCCAx4;GAATGx3;AATGGx4;ATGGAx2;TGGAAx4;ATTCCx5
SRR7171665.fastq;CCCCAGCCCTCCAGGTx2;GGGCTGGGGACCTGGAx2;GGGCTGGGx2;CAGCCCCCx2;AAAAAATx2;AAAAATAx2;CCCCAGCCx2;ATTCCx2;AATGGx2;TTCCAx2;TGGAAx3;TCCCCAGCCCTCCAGGx2;CCCCCAGCx2;TGGAAx2;CTGGGGACCTGGAGGGx2;GAATGx2;GGAATx2;GAATGx3;TGGGGACCTGGAGGGCx2;TTCCAx4
SRR7171662.fastq;AAAAAATx2;AAAAATAx2;AATGGx2;ATTCCx2;GAATGx2;TGGAAx2;GAATGx4;TTCCAx2;ATTCCx3;AATGGx4;ATTCCx4;GAATGx3;TGGAAx3;ATTCCx6;CATTCx2;GGAATx2;TCCATx2;TTCCAx3;AATGGx3;TTCCAx4
ERR251345.fastq;ATTCCx2;AATGGx2;TCCATx2;GAATGx2;TGGAAx2;GGAATx2;TTCCAx2;ATTCCx3;CATTCx2;ATGGAx2;CCATTx2;ATTCCx4;AATGGx3;TGGAAx3;GAATGx3;GGAATx3;GGAATx4;TTCCAx3;GAATGx4;CATTCx3
ERR251403.fastq;ATTCCx2;AATGGx2;TGGAAx2;TCCATx2;GGAATx2;GAATGx2;TTCCAx2;ATTCCx3;CATTCx2;ATGGAx2;CCATTx2;ATTCCx4;AATGGx3;TGGAAx3;GAATGx3;GGAATx3;GGAATx4;TTCCAx3;CATTCx3;GAATGx4
ERR251325.fastq;ATTCCx2;AATGGx2;TCCATx2;TGGAAx2;GGAATx2;GAATGx2;TTCCAx2;ATTCCx3;CATTCx2;ATGGAx2;CCATTx2;ATTCCx4;AATGGx3;TGGAAx3;GAATGx3;GGAATx3;GGAATx4;GAATGx4;CATTCx3;TTCCAx3
ERR1602664.fastq;AATGGx2;ATTCCx2;GAATGx2;GGAATx2;TGGAAx2;TCCATx2;TTCCAx2;CATTCx2;ATGGAx2;AATGGx3;ATTCCx3;GAATGx3;TGGAAx3;CCATTx2;GGAATx3;AATGGx4;GAATGx4;ATTCCx4;GGAATx4;CATTCx3
ERR1602649.fastq;AATGGx2;ATTCCx2;GAATGx2;GGAATx2;TGGAAx2;TCCATx2;CATTCx2;TTCCAx2;ATGGAx2;AATGGx3;ATTCCx3;GAATGx3;CCATTx2;TGGAAx3;GGAATx3;GAATGx4;AATGGx4;ATTCCx4;GGAATx4;CATTCx3
ERR1602656.fastq;AATGGx2;ATTCCx2;GAATGx2;GGAATx2;TGGAAx2;TCCATx2;TTCCAx2;CATTCx2;ATGGAx2;ATTCCx3;AATGGx3;GAATGx3;TGGAAx3;GGAATx3;CCATTx2;AATGGx4;GAATGx4;ATTCCx4;GGAATx4;TTCCAx3
ERR1602663.fastq;AATGGx2;ATTCCx2;GAATGx2;GGAATx2;TGGAAx2;TCCATx2;TTCCAx2;CATTCx2;ATGGAx2;AATGGx3;ATTCCx3;GAATGx3;TGGAAx3;CCATTx2;GGAATx3;AATGGx4;GAATGx4;ATTCCx4;GGAATx4;CATTCx3
ERR251342.fastq;ATTCCx2;AATGGx2;GAATGx2;TCCATx2;TGGAAx2;GGAATx2;ATTCCx3;TTCCAx2;CATTCx2;ATGGAx2;CCATTx2;ATTCCx4;AATGGx3;TGGAAx3;GAATGx3;GGAATx3;GGAATx4;CATTCx3;GAATGx4;TTCCAx3
SRR7171674.fastq;GGGCTGGGGACCTGGAx2;CCCCAGCCCTCCAGGTx2;GGGCTGGGx2;AAAAAATx2;CAGCCCCCx2;CCCCAGCCx2;AAAAATAx2;AATGGx2;ATTCCx2;TTCCAx2;CTGGGGACCTGGAGGGx2;TGGAAx2;TGGAAx3;GAATGx2;TCCATx2;TTCCAx3;ATTCCx3;TCCCCAGCCCTCCAGGx2;CCCCCAGCx2;ATTCCx4
ERR1602653.fastq;AATGGx2;ATTCCx2;GAATGx2;TGGAAx2;GGAATx2;TCCATx2;TTCCAx2;CATTCx2;ATGGAx2;ATTCCx3;AATGGx3;TGGAAx3;GAATGx3;GGAATx3;CCATTx2;ATTCCx4;AATGGx4;GAATGx4;GGAATx4;CATTCx3
ERR251401.fastq;ATTCCx2;AATGGx2;TCCATx2;GAATGx2;TGGAAx2;GGAATx2;CATTCx2;TTCCAx2;ATTCCx3;ATGGAx2;CCATTx2;ATTCCx4;AATGGx3;TGGAAx3;GAATGx3;GGAATx3;GGAATx4;CATTCx3;TTCCAx3;GAATGx4
ERR251404.fastq;ATTCCx2;AATGGx2;TGGAAx2;TCCATx2;GGAATx2;GAATGx2;TTCCAx2;ATTCCx3;CATTCx2;ATGGAx2;CCATTx2;ATTCCx4;AATGGx3;TGGAAx3;GAATGx3;GGAATx3;GGAATx4;TTCCAx3;GAATGx4;CATTCx3
ERR251326.fastq;ATTCCx2;AATGGx2;TCCATx2;TGGAAx2;GGAATx2;GAATGx2;ATTCCx3;TTCCAx2;CATTCx2;ATGGAx2;CCATTx2;ATTCCx4;AATGGx3;TGGAAx3;GAATGx3;GGAATx3;GGAATx4;GAATGx4;TTCCAx3;CATTCx3
ERR251327.fastq;ATTCCx2;AATGGx2;TGGAAx2;GGAATx2;TCCATx2;GAATGx2;ATTCCx3;TTCCAx2;CATTCx2;ATGGAx2;CCATTx2;ATTCCx4;AATGGx3;TGGAAx3;GAATGx3;GGAATx3;GGAATx4;TTCCAx3;CATTCx3;GAATGx4
ERR251348.fastq;ATTCCx2;AATGGx2;TGGAAx2;TCCATx2;GGAATx2;GAATGx2;ATTCCx3;TTCCAx2;CATTCx2;ATGGAx2;CCATTx2;ATTCCx4;AATGGx3;TGGAAx3;GAATGx3;GGAATx3;GGAATx4;GAATGx4;CATTCx3;TTCCAx3
ERR251378.fastq;ATTCCx2;AATGGx2;TCCATx2;GAATGx2;TGGAAx2;GGAATx2;CATTCx2;TTCCAx2;ATTCCx3;ATGGAx2;CCATTx2;ATTCCx4;AATGGx3;TGGAAx3;GAATGx3;GGAATx3;CATTCx3;GGAATx4;TTCCAx3;GAATGx4
ERR251328.fastq;ATTCCx2;AATGGx2;TGGAAx2;TCCATx2;GGAATx2;GAATGx2;ATTCCx3;TTCCAx2;CATTCx2;ATGGAx2;CCATTx2;ATTCCx4;TGGAAx3;AATGGx3;GAATGx3;GGAATx3;TTCCAx3;GGAATx4;CATTCx3;GAATGx4
SRR7171661.fastq;AAAAAATx2;AAAAATAx2;AATGGx2;GAATGx2;ATTCCx2;TGGAAx2;TTCCAx2;AATGGx3;GAATGx3;TGGAAx4;TCCATx2;AATGGx4;ATTCCx3;GAATGx4;TTCCAx3;ATTCCx4;TGGAAx3;CATTCx2;GGAATx2;ATGGAx2
SRR7171669.fastq;GGGCTGGGGACCTGGAx2;CCCCAGCCCTCCAGGTx2;GGGCTGGGx2;AAAAAATx2;CAGCCCCCx2;AAAAATAx2;CCCCAGCCx2;AATGGx2;TTCCAx2;ATTCCx2;TGGAAx2;CTGGGGACCTGGAGGGx2;GAATGx2;TTCCAx3;TCCATx2;TGGAAx3;CATTCx2;AATGGx3;ATTCCx3;ATTCCx4
SRR7171666.fastq;CCCCAGCCCTCCAGGTx2;GGGCTGGGGACCTGGAx2;GGGCTGGGx2;AAAAAATx2;CAGCCCCCx2;AAAAATAx2;AATGGx2;CCCCAGCCx2;TGGAAx2;TCCCCAGCCCTCCAGGx2;CTGGGGACCTGGAGGGx2;TGGAAx3;CTCCAGGTCCCCAGCCx2;AATGGx3;ATTCCx2;TGGGGACCTGGAGGGCx2;TTCCAx2;CATTCx2;GAATGx2;TGGAAx4
ERR1602668.fastq;AATGGx2;ATTCCx2;GAATGx2;GGAATx2;TGGAAx2;TCCATx2;TTCCAx2;CATTCx2;ATGGAx2;AATGGx3;ATTCCx3;GAATGx3;TGGAAx3;GGAATx3;CCATTx2;AATGGx4;GAATGx4;ATTCCx4;GGAATx4;TTCCAx3
ERR251344.fastq;ATTCCx2;AATGGx2;TGGAAx2;GAATGx2;TCCATx2;GGAATx2;ATTCCx3;TTCCAx2;CATTCx2;ATGGAx2;CCATTx2;ATTCCx4;TGGAAx3;AATGGx3;GAATGx3;GGAATx3;CATTCx3;TTCCAx3;GGAATx4;GAATGx4
ERR251329.fastq;ATTCCx2;AATGGx2;TGGAAx2;TCCATx2;GGAATx2;GAATGx2;TTCCAx2;ATTCCx3;CATTCx2;ATGGAx2;CCATTx2;ATTCCx4;AATGGx3;TGGAAx3;GAATGx3;GGAATx3;GGAATx4;TTCCAx3;CATTCx3;GAATGx4
ERR1602662.fastq;AATGGx2;ATTCCx2;GAATGx2;GGAATx2;TGGAAx2;TCCATx2;TTCCAx2;CATTCx2;ATGGAx2;AATGGx3;ATTCCx3;GAATGx3;TGGAAx3;CCATTx2;GGAATx3;AATGGx4;GAATGx4;ATTCCx4;GGAATx4;TTCCAx3
ERR1602652.fastq;AATGGx2;ATTCCx2;GAATGx2;TGGAAx2;GGAATx2;TCCATx2;CATTCx2;TTCCAx2;ATGGAx2;AATGGx3;ATTCCx3;GAATGx3;TGGAAx3;CCATTx2;GGAATx3;AATGGx4;GAATGx4;ATTCCx4;GGAATx4;CATTCx3
SRR7171671.fastq;GGGCTGGGGACCTGGAx2;AAAAAATx2;CCCCAGCCCTCCAGGTx2;GGGCTGGGx2;AAAAATAx2;CAGCCCCCx2;CCCCAGCCx2;AATGGx2;ATTCCx2;AATGGx4;TCCATx2;AATGGx5;CTGGGGACCTGGAGGGx2;GAATGx2;TCCAGGTCCCCAGCCCx2;ATTCCx3;AAAACx6;GAATGx6;ATTCCx5;GAATGx3
SRR7171667.fastq;GGGCTGGGGACCTGGAx2;CCCCAGCCCTCCAGGTx2;GGGCTGGGx2;CAGCCCCCx2;AAAAAATx2;CCCCAGCCx2;AAAAATAx2;AATGGx2;CTGGGGACCTGGAGGGx2;ATTCCx2;TGGAAx2;TTCCAx2;CCCCCAGCx2;GAATGx2;TCCCCAGCCCTCCAGGx2;CATTCx2;TCCATx2;CCCCCCAGx2;TGGAAx3;TTCCAx3
SRR7171673.fastq;GGGCTGGGGACCTGGAx2;CCCCAGCCCTCCAGGTx2;GGGCTGGGx2;AAAAAATx2;CAGCCCCCx2;CCCCAGCCx2;AAAAATAx2;AATGGx2;ATTCCx2;TGGAAx2;TTCCAx2;CTGGGGACCTGGAGGGx2;GAATGx2;TTCCAx3;TGGAAx3;TCCATx2;TCCCCAGCCCTCCAGGx2;AATGGx3;ATTCCx3;CCCCCAGCx2
ERR1602650.fastq;AATGGx2;ATTCCx2;GAATGx2;GGAATx2;TGGAAx2;TCCATx2;TTCCAx2;CATTCx2;ATGGAx2;AATGGx3;ATTCCx3;GAATGx3;TGGAAx3;CCATTx2;GGAATx3;AATGGx4;GAATGx4;ATTCCx4;GGAATx4;CATTCx3
SRR7171679.fastq;AAAAAATx2;AAAAATAx2;ATTCCx4;AATGGx2;ATGGAx2;ATGGAx3;ATTCCx2;GGAATx2;GAATGx2;GGAATx4;CATTCx2;TGGAAx2;GGAATx3;ATGGAx6;AATGGx4;CAGCCCCCx2;ATTCCx3;GGAATx5;GAATGx3;CCCCAGCCx2
SRR7171670.fastq;GGGCTGGGGACCTGGAx2;CCCCAGCCCTCCAGGTx2;GGGCTGGGx2;CAGCCCCCx2;AAAAAATx2;AAAAATAx2;CCCCAGCCx2;ATTCCx2;TTCCAx2;AATGGx2;TGGAAx2;CTGGGGACCTGGAGGGx2;GAATGx2;TGGAAx3;TCCATx2;TTCCAx3;CATTCx2;ATTCCx3;ATTCCx4;TTCCAx4
ERR1602654.fastq;AATGGx2;ATTCCx2;GAATGx2;TGGAAx2;GGAATx2;TCCATx2;CATTCx2;TTCCAx2;ATGGAx2;AATGGx3;ATTCCx3;GAATGx3;TGGAAx3;GGAATx3;CCATTx2;ATTCCx4;GAATGx4;AATGGx4;CATTCx3;GGAATx4
ERR1602665.fastq;AATGGx2;ATTCCx2;GAATGx2;TGGAAx2;GGAATx2;TCCATx2;TTCCAx2;CATTCx2;ATGGAx2;ATTCCx3;AATGGx3;TGGAAx3;GAATGx3;GGAATx3;CCATTx2;ATTCCx4;AATGGx4;GAATGx4;GGAATx4;CATTCx3
ERR1602659.fastq;AATGGx2;ATTCCx2;GAATGx2;GGAATx2;TGGAAx2;TCCATx2;CATTCx2;TTCCAx2;AATGGx3;ATGGAx2;ATTCCx3;GAATGx3;TGGAAx3;GGAATx3;CCATTx2;AATGGx4;GAATGx4;GGAATx4;ATTCCx4;CATTCx3
