accession;top1;top2;top3;top4;top5;top6;top7;top8;top9;top10;top11;top12;top13;top14;top15;top16;top17;top18;top19;top20;top21;top22;top23;top24;top25;top26;top27;top28;top29;top30;top31;top32;top33;top34;top35;top36;top37;top38;top39;top40;top41;top42;top43;top44;top45;top46;top47;top48;top49;top50
SRR7171680.fastq;AAAAAATx2;AAAAATAx2;AATGGx2;ATTCCx2;GAATGx2;TGGAAx2;TGGAAx3;TTCCAx2;GAATGx3;GAATGx4;TCCATx2;GGAATx4;ATTCCx3;AATGGx3;AATGGx4;GGAATx2;TTCCAx3;GAATGx5;ATTCCx4;CATTCx2;TGGAAx4;AATGGx5;ATGGAx2;CAGCCCCCx2;GGAATx3;TTCCAx4;AATGGx6;GAATGx6;ATTCCx5;TCCATx3;ATTCCx6;ATTCCx8;CATTCx3;CATTCx4;CCCCAGCCx2;TGGAAx5;TGGAAx6;AATGGx7;TTCCAx5;GGAATx6;GGAATx5;TGGAAx7;ATGGAx3;ATTCCx7;ATGGAx4;ATTCCx9;CATTCx5;TCCATx4;TCCATx5;TTCCAx6
SRR7171678.fastq;AAAAAATx2;AAAAATAx2;TGGAAx2;AATGGx2;AATGGx3;GAATGx4;GAATGx2;TGGAAx4;TGGAAx3;ATGGAx2;AATGGx4;ATTCCx2;CAGCCCCCx2;GGAATx2;TCCATx2;ATTCCx3;TTCCAx3;GAATGx3;ATGGAx3;TGGAAx7;GAATGx7;TTCCAx2;CCCCAGCCx2;TTCCAx4;AATGGx7;GGAATx4;TGGAAx5;GGGCTGGGGACCTGGAx2;CCCCAGCCCTCCAGGTx2;ATTCCx5;CCATTx2;TTCCAx5;GGAATx3;GAATGx6;GGAATx9;CATTCx2;GGAATx7;ATTCCx4;GAATGx5;AATGGx5;TAAAAAAx2;ATTCCx6;TCCATx3;TCCATx4;CATTCx4;ATGGAx6;TCCATx6;AATGGx8;ATTCCx8;ATTCCx7
SRR7171675.fastq;GGGCTGGGGACCTGGAx2;CCCCAGCCCTCCAGGTx2;AAAAAATx2;AAAAATAx2;GGGCTGGGx2;CAGCCCCCx2;CCCCAGCCx2;CTGGGGACCTGGAGGGx2;ATGGAx2;CATTCx2;CTCCAGGTCCCCAGCCx2;CATTCx6;TGGAAx2;ATTCCx2;CCATTx2;TCCCCAGCCCTCCAGGx2;TTCCAx2;TGGAAx3;ATTCCx4;TGGGGACCTGGAGGGCx2;ATTCCx3;ATGGAx3;GAATGx2;TGGAAx5;CCCCCCAGx2;CATTCx3;CCTCCAGGTCCCCAGCx2;AATGGx2;CATTCx4;CCCCCAGCx2;CAGCCCTCCAGGTCCCx2;TCCATx2;ATTCCx8;TGTGTATGx2;GAATGx4;ATGGAx5;TGGGGTCCCGTGGCGx2;ATTCCx5;CCAGCCCTCCAGGTCCx2;AATGGx3;TTCCAx4;CCATTx8;TTCCTx8;AATGGx7;TTCCAx3;GAATGx5;GGAATx4;TCCATx7;TGGAAx4;TAACCCx11
SRR7171663.fastq;GGGCTGGGGACCTGGAx2;CCCCAGCCCTCCAGGTx2;GGGCTGGGx2;AAAAAATx2;CAGCCCCCx2;AAAAATAx2;CCCCAGCCx2;TGGAAx2;CATTCx4;AATGGx2;GAATGx2;CTGGGGACCTGGAGGGx2;ATTCCx2;TCCCCAGCCCTCCAGGx2;TTCCAx2;TGGAAx3;TTCCAx3;TGGAAx4;GGAATx2;CCCCCAGCx2;TGGGGACCTGGAGGGCx2;GGAATx4;TGGAAx6;CTCCAGGTCCCCAGCCx2;ATGGAx2;AATGGx3;ATTCCx3;CATTCx2;GGAATx3;GAATGx3;GAATGx5;GAATGx4;AATGGx4;ATTCCx6;TCCATx2;TCCAGGTCCCCAGCCCx2;ATTCCx4;TTCCAx4;ATTCCx5;CCCCCCAGx2;CATTCx3;TCCATx4;ATGGAx6;AATGGx7;AATGGx5;GGAATx6;TTCCAx8;TCCATx5;CCCAGCCCTCCAGGTCx2;GGAATx7
SRR7171668.fastq;GGGCTGGGGACCTGGAx2;CCCCAGCCCTCCAGGTx2;GGGCTGGGx2;AAAAAATx2;CAGCCCCCx2;CCCCAGCCx2;AAAAATAx2;TGGAAx2;AATGGx2;TTCCAx2;ATTCCx2;CTGGGGACCTGGAGGGx2;TCCCCAGCCCTCCAGGx2;GAATGx2;TGGAAx3;TCCATx2;ATTCCx3;CATTCx2;TTCCAx3;CCCCCAGCx2;AATGGx3;CCCCCCAGx2;TTCCAx4;ATTCCx4;TGGAAx4;GGAATx2;GAATGx4;AATGGx4;CATTCx4;GAATGx3;TGGAAx5;CATTCx3;TCCATx3;TTCCAx5;ATGGAx2;CTCCAGGTCCCCAGCCx2;ATTCCx5;AATGGx5;TGGAAx6;GGAATx4;GAATGx5;ATTCCx6;GGAATx3;TCCATx4;TGGGGACCTGGAGGGCx2;TTCCAx6;TGGAAx7;ATTCCx7;ATTCCx8;AATGGx6
ERR251402.fastq;ATTCCx2;AATGGx2;GAATGx2;TCCATx2;TGGAAx2;GGAATx2;CATTCx2;TTCCAx2;ATTCCx3;ATGGAx2;CCATTx2;ATTCCx4;AATGGx3;TGGAAx3;GAATGx3;GGAATx3;GGAATx4;CATTCx3;TTCCAx3;GAATGx4;CATTCx4;TCCATx3;AATGGx4;TGGAAx4;TTCCAx4;ATTCCx5;ATGGAx3;CCATTx3;TCCATx4;ATTCCx6;AATGGx5;ATGGAx4;TGGAAx5;GGAATx5;GAATGx5;CCATTx4;TTCCAx5;CATTCx5;ATTCCx7;GGAATx6;TCCATx5;ATTCCx8;AATGGx6;TGGAAx6;ATGGAx5;CATTCx6;GAATGx6;CCATTx5;ATTCCx9;GGAATx7
ERR1602656.fastq;AATGGx2;ATTCCx2;GAATGx2;GGAATx2;TGGAAx2;TCCATx2;TTCCAx2;CATTCx2;ATGGAx2;ATTCCx3;AATGGx3;GAATGx3;TGGAAx3;GGAATx3;CCATTx2;AATGGx4;GAATGx4;ATTCCx4;GGAATx4;TTCCAx3;CATTCx3;TGGAAx4;TCCATx3;CATTCx4;ATGGAx3;TTCCAx4;ATTCCx5;AATGGx5;TCCATx4;GAATGx5;TGGAAx5;CCATTx3;GGAATx5;ATGGAx4;ATTCCx6;AATGGx6;CATTCx5;TTCCAx5;GAATGx6;CCATTx4;GGAATx6;TGGAAx6;ATTCCx7;TCCATx5;AATGGx7;ATGGAx5;GGAATx7;ATTCCx8;AATGGx8;GAATGx7
ERR1602654.fastq;AATGGx2;ATTCCx2;GAATGx2;TGGAAx2;GGAATx2;TCCATx2;CATTCx2;TTCCAx2;ATGGAx2;AATGGx3;ATTCCx3;GAATGx3;TGGAAx3;GGAATx3;CCATTx2;ATTCCx4;GAATGx4;AATGGx4;CATTCx3;GGAATx4;TGGAAx4;TTCCAx3;CATTCx4;TCCATx3;ATGGAx3;TTCCAx4;ATTCCx5;AATGGx5;TGGAAx5;GAATGx5;CCATTx3;TCCATx4;ATGGAx4;GGAATx5;ATTCCx6;CATTCx5;AATGGx6;GGAATx6;TTCCAx5;TGGAAx6;GAATGx6;ATTCCx7;CCATTx4;ATGGAx5;AATGGx7;TCCATx5;GGAATx7;CATTCx6;ATTCCx8;AATGGx8
SRR7171662.fastq;AAAAAATx2;AAAAATAx2;AATGGx2;ATTCCx2;GAATGx2;TGGAAx2;GAATGx4;TTCCAx2;ATTCCx3;AATGGx4;ATTCCx4;GAATGx3;TGGAAx3;ATTCCx6;CATTCx2;GGAATx2;TCCATx2;TTCCAx3;AATGGx3;TTCCAx4;ATGGAx2;CCCCAGCCx2;TTCCAx5;GGAATx3;ATTCCx5;TGGAAx4;GGAATx4;CATTCx3;CATTCx4;TGGAAx6;TCCATx3;AATGGx5;CAGCCCCCx2;AATGGx6;CATTCx6;CATTCx5;ATGGAx5;TGGAAx5;AATGGx7;GAATGx5;ATTCCx8;GAATGx6;ATTCCx7;GGAATx6;TCCATx4;GGAATx5;ATGGAx3;TGGAAx7;CCATTx2;GGAATx8
ERR1602666.fastq;AATGGx2;ATTCCx2;GAATGx2;TGGAAx2;GGAATx2;TCCATx2;CATTCx2;TTCCAx2;ATGGAx2;AATGGx3;ATTCCx3;TGGAAx3;GAATGx3;GGAATx3;CCATTx2;ATTCCx4;AATGGx4;GAATGx4;GGAATx4;CATTCx3;TGGAAx4;TTCCAx3;TCCATx3;CATTCx4;ATGGAx3;TTCCAx4;ATTCCx5;AATGGx5;GAATGx5;TGGAAx5;CCATTx3;TCCATx4;ATGGAx4;GGAATx5;ATTCCx6;CATTCx5;AATGGx6;TTCCAx5;TGGAAx6;GGAATx6;GAATGx6;CCATTx4;ATTCCx7;TCCATx5;ATGGAx5;AATGGx7;GGAATx7;ATTCCx8;CATTCx6;AATGGx8
ERR251347.fastq;ATTCCx2;AATGGx2;TCCATx2;TGGAAx2;GAATGx2;GGAATx2;ATTCCx3;TTCCAx2;CATTCx2;ATGGAx2;CCATTx2;ATTCCx4;AATGGx3;TGGAAx3;GAATGx3;GGAATx4;GGAATx3;GAATGx4;CATTCx3;TTCCAx3;CATTCx4;AATGGx4;TCCATx3;TTCCAx4;TGGAAx4;ATTCCx5;ATGGAx3;CCATTx3;TCCATx4;ATTCCx6;AATGGx5;ATGGAx4;CCATTx4;GGAATx5;TGGAAx5;GAATGx5;TTCCAx5;ATTCCx7;CATTCx5;GGAATx6;TCCATx5;ATTCCx8;AATGGx6;TGGAAx6;ATGGAx5;CATTCx6;GAATGx6;GGAATx7;ATTCCx9;CCATTx5
SRR7171677.fastq;GGGCTGGGGACCTGGAx2;CCCCAGCCCTCCAGGTx2;GGGCTGGGx2;CAGCCCCCx2;AAAAAATx2;CCCCAGCCx2;AAAAATAx2;AATGGx2;ATTCCx2;TTCCAx2;TGGAAx2;GAATGx2;CCCCCAGCx2;CTCCAGGTCCCCAGCCx2;TTCCAx3;ATTCCx3;TCCCCAGCCCTCCAGGx2;TCCATx2;TGGAAx3;AATGGx3;CTGGGGACCTGGAGGGx2;CATTCx2;TTCCAx4;ATTCCx4;TGGAAx4;AATGGx4;GGAATx2;GAATGx4;GAATGx3;CCCCCCAGx2;CATTCx3;CATTCx4;TTCCAx5;TGGAAx5;ATTCCx5;TCCATx3;GGAATx4;ATTCCx6;AATGGx5;ATGGAx2;TCCATx4;TGGAAx6;GAATGx5;CCCAGCCCx2;GGAATx3;ATTCCx7;GGGCTGGGx3;TTCCAx6;TGGAAx7;CATTCx5
SRR7171667.fastq;GGGCTGGGGACCTGGAx2;CCCCAGCCCTCCAGGTx2;GGGCTGGGx2;CAGCCCCCx2;AAAAAATx2;CCCCAGCCx2;AAAAATAx2;AATGGx2;CTGGGGACCTGGAGGGx2;ATTCCx2;TGGAAx2;TTCCAx2;CCCCCAGCx2;GAATGx2;TCCCCAGCCCTCCAGGx2;CATTCx2;TCCATx2;CCCCCCAGx2;TGGAAx3;TTCCAx3;ATTCCx3;AATGGx3;TTCCAx4;TGGAAx4;ATTCCx4;AATGGx4;GGAATx2;CATTCx3;GAATGx4;CATTCx4;TGGAAx5;GAATGx3;TGGGGACCTGGAGGGCx2;TTCCAx5;GGAATx4;AATGGx5;CTCCAGGTCCCCAGCCx2;ATTCCx5;TCCATx3;GGAATx3;ATGGAx2;ATTCCx7;TGGAAx6;CATTCx5;TTCCAx6;ATTCCx6;TCCATx4;GAATGx5;ATTCCx8;TGGAAx7
ERR251379.fastq;ATTCCx2;AATGGx2;GGAATx2;TCCATx2;TGGAAx2;GAATGx2;ATTCCx3;TTCCAx2;CATTCx2;ATGGAx2;CCATTx2;ATTCCx4;AATGGx3;TGGAAx3;GAATGx3;GGAATx4;GGAATx3;GAATGx4;CATTCx3;TTCCAx3;CATTCx4;AATGGx4;TCCATx3;TTCCAx4;ATTCCx5;TGGAAx4;CCATTx3;ATGGAx3;TCCATx4;ATTCCx6;AATGGx5;ATGGAx4;CCATTx4;GGAATx5;TGGAAx5;GAATGx5;TTCCAx5;ATTCCx7;CATTCx5;GGAATx6;ATTCCx8;AATGGx6;TCCATx5;GAATGx6;TGGAAx6;CATTCx6;ATGGAx5;ATTCCx9;GGAATx7;CCATTx5
ERR251346.fastq;ATTCCx2;AATGGx2;GAATGx2;TCCATx2;TGGAAx2;GGAATx2;CATTCx2;ATTCCx3;TTCCAx2;ATGGAx2;CCATTx2;ATTCCx4;AATGGx3;TGGAAx3;GAATGx3;GGAATx3;GGAATx4;GAATGx4;TTCCAx3;CATTCx3;CATTCx4;TCCATx3;AATGGx4;TTCCAx4;TGGAAx4;ATTCCx5;ATGGAx3;CCATTx3;TCCATx4;ATTCCx6;ATGGAx4;AATGGx5;GAATGx5;GGAATx5;TGGAAx5;CCATTx4;TTCCAx5;CATTCx5;ATTCCx7;TCCATx5;GGAATx6;ATTCCx8;AATGGx6;ATGGAx5;TGGAAx6;GAATGx6;CATTCx6;ATTCCx9;CCATTx5;GGAATx7
ERR251327.fastq;ATTCCx2;AATGGx2;TGGAAx2;GGAATx2;TCCATx2;GAATGx2;ATTCCx3;TTCCAx2;CATTCx2;ATGGAx2;CCATTx2;ATTCCx4;AATGGx3;TGGAAx3;GAATGx3;GGAATx3;GGAATx4;TTCCAx3;CATTCx3;GAATGx4;AATGGx4;CATTCx4;TCCATx3;TGGAAx4;TTCCAx4;ATTCCx5;ATGGAx3;CCATTx3;TCCATx4;ATTCCx6;ATGGAx4;AATGGx5;TGGAAx5;CCATTx4;GAATGx5;GGAATx5;TTCCAx5;CATTCx5;ATTCCx7;GGAATx6;ATTCCx8;TCCATx5;TGGAAx6;AATGGx6;CATTCx6;ATGGAx5;GAATGx6;ATTCCx9;GGAATx7;CCATTx5
ERR251377.fastq;ATTCCx2;AATGGx2;TCCATx2;GAATGx2;TGGAAx2;GGAATx2;CATTCx2;TTCCAx2;ATTCCx3;ATGGAx2;CCATTx2;ATTCCx4;AATGGx3;TGGAAx3;GAATGx3;CATTCx3;GGAATx3;GGAATx4;TTCCAx3;GAATGx4;CATTCx4;TCCATx3;AATGGx4;TGGAAx4;TTCCAx4;ATTCCx5;ATGGAx3;CCATTx3;TCCATx4;ATTCCx6;AATGGx5;ATGGAx4;TGGAAx5;GAATGx5;CCATTx4;GGAATx5;TTCCAx5;CATTCx5;ATTCCx7;TCCATx5;GGAATx6;ATTCCx8;AATGGx6;TGGAAx6;ATGGAx5;GAATGx6;CATTCx6;CCATTx5;ATTCCx9;AATGGx7
ERR1602651.fastq;AATGGx2;ATTCCx2;GAATGx2;GGAATx2;TGGAAx2;TCCATx2;TTCCAx2;CATTCx2;ATGGAx2;AATGGx3;ATTCCx3;GAATGx3;CCATTx2;TGGAAx3;GGAATx3;AATGGx4;GAATGx4;ATTCCx4;GGAATx4;CATTCx3;TTCCAx3;TCCATx3;TGGAAx4;ATGGAx3;CATTCx4;AATGGx5;TTCCAx4;ATTCCx5;CCATTx3;TCCATx4;GAATGx5;TGGAAx5;GGAATx5;ATGGAx4;ATTCCx6;AATGGx6;CCATTx4;CATTCx5;TTCCAx5;GAATGx6;GGAATx6;TCCATx5;TGGAAx6;ATTCCx7;ATGGAx5;AATGGx7;AATGGx8;GGAATx7;ATTCCx8;CATTCx6
ERR1602661.fastq;AATGGx2;ATTCCx2;GAATGx2;GGAATx2;TGGAAx2;TCCATx2;CATTCx2;TTCCAx2;ATGGAx2;AATGGx3;ATTCCx3;GAATGx3;CCATTx2;TGGAAx3;GGAATx3;GAATGx4;AATGGx4;ATTCCx4;GGAATx4;CATTCx3;TTCCAx3;TCCATx3;TGGAAx4;ATGGAx3;CATTCx4;AATGGx5;ATTCCx5;TTCCAx4;TCCATx4;CCATTx3;GAATGx5;GGAATx5;TGGAAx5;ATGGAx4;ATTCCx6;AATGGx6;CCATTx4;CATTCx5;GAATGx6;GGAATx6;TTCCAx5;TCCATx5;ATTCCx7;TGGAAx6;ATGGAx5;AATGGx7;GGAATx7;ATTCCx8;AATGGx8;GAATGx7
ERR251329.fastq;ATTCCx2;AATGGx2;TGGAAx2;TCCATx2;GGAATx2;GAATGx2;TTCCAx2;ATTCCx3;CATTCx2;ATGGAx2;CCATTx2;ATTCCx4;AATGGx3;TGGAAx3;GAATGx3;GGAATx3;GGAATx4;TTCCAx3;CATTCx3;GAATGx4;AATGGx4;CATTCx4;TCCATx3;TGGAAx4;ATTCCx5;TTCCAx4;ATGGAx3;CCATTx3;TCCATx4;ATTCCx6;AATGGx5;ATGGAx4;TGGAAx5;CCATTx4;GAATGx5;GGAATx5;TTCCAx5;CATTCx5;ATTCCx7;TCCATx5;GGAATx6;ATTCCx8;AATGGx6;ATGGAx5;TGGAAx6;GAATGx6;CATTCx6;ATTCCx9;AATGGx7;CCATTx5
ERR1602667.fastq;AATGGx2;ATTCCx2;GAATGx2;TGGAAx2;GGAATx2;TCCATx2;CATTCx2;TTCCAx2;ATGGAx2;AATGGx3;ATTCCx3;GAATGx3;TGGAAx3;CCATTx2;GGAATx3;GAATGx4;AATGGx4;ATTCCx4;GGAATx4;CATTCx3;TCCATx3;TTCCAx3;TGGAAx4;ATGGAx3;CATTCx4;TTCCAx4;TCCATx4;CCATTx3;ATTCCx5;AATGGx5;TGGAAx5;GAATGx5;ATGGAx4;GGAATx5;ATTCCx6;CCATTx4;CATTCx5;AATGGx6;TTCCAx5;GGAATx6;GAATGx6;TCCATx5;TGGAAx6;ATTCCx7;ATGGAx5;AATGGx7;TGGAAx7;ATTCCx8;CATTCx6;GGAATx7
ERR1602660.fastq;AATGGx2;ATTCCx2;GAATGx2;GGAATx2;TGGAAx2;TCCATx2;CATTCx2;TTCCAx2;ATGGAx2;AATGGx3;CCATTx2;GAATGx3;ATTCCx3;TGGAAx3;GGAATx3;GAATGx4;AATGGx4;ATTCCx4;CATTCx3;GGAATx4;TCCATx3;TTCCAx3;TGGAAx4;CATTCx4;ATGGAx3;TCCATx4;TTCCAx4;CCATTx3;AATGGx5;GAATGx5;ATTCCx5;TGGAAx5;GGAATx5;ATGGAx4;CCATTx4;ATTCCx6;CATTCx5;AATGGx6;TCCATx5;TTCCAx5;GAATGx6;TGGAAx6;GGAATx6;ATTCCx7;ATGGAx5;AATGGx7;CCATTx5;GAATGx7;ATTCCx8;AATGGx8
ERR251380.fastq;ATTCCx2;AATGGx2;GGAATx2;TCCATx2;TGGAAx2;GAATGx2;ATTCCx3;TTCCAx2;CATTCx2;ATGGAx2;CCATTx2;ATTCCx4;AATGGx3;TGGAAx3;GAATGx3;GGAATx4;GGAATx3;GAATGx4;CATTCx3;TTCCAx3;CATTCx4;AATGGx4;TCCATx3;TTCCAx4;ATTCCx5;TGGAAx4;CCATTx3;ATGGAx3;TCCATx4;ATTCCx6;AATGGx5;ATGGAx4;CCATTx4;GGAATx5;TGGAAx5;GAATGx5;TTCCAx5;ATTCCx7;CATTCx5;GGAATx6;ATTCCx8;AATGGx6;TCCATx5;TGGAAx6;GAATGx6;CATTCx6;ATGGAx5;ATTCCx9;GGAATx7;CCATTx5
ERR1602658.fastq;AATGGx2;ATTCCx2;GAATGx2;GGAATx2;TGGAAx2;TCCATx2;CATTCx2;TTCCAx2;ATGGAx2;AATGGx3;ATTCCx3;GAATGx3;CCATTx2;TGGAAx3;GGAATx3;AATGGx4;GAATGx4;ATTCCx4;GGAATx4;CATTCx3;TCCATx3;TTCCAx3;TGGAAx4;ATGGAx3;CATTCx4;AATGGx5;TTCCAx4;TCCATx4;ATTCCx5;CCATTx3;GAATGx5;GGAATx5;TGGAAx5;ATGGAx4;ATTCCx6;CCATTx4;AATGGx6;CATTCx5;GGAATx6;TTCCAx5;TCCATx5;GAATGx6;ATTCCx7;TGGAAx6;ATGGAx5;AATGGx7;GGAATx7;ATTCCx8;AATGGx8;CATTCx6
SRR7171676.fastq;ATTCCx2;AATGGx2;TTCCAx2;TGGAAx2;GAATGx2;ATTCCx3;TCCATx2;TGGAAx3;ATTCCx4;AATGGx3;CATTCx2;TTCCAx3;GAATGx4;GGAATx2;TTCCAx4;GAATGx3;AATGGx4;ATGGAx2;TGGAAx4;ATTCCx5;CATTCx3;CATTCx4;AAAAAATx2;GGAATx4;TCCATx3;AATGGx5;ATTCCx6;TTCCAx5;TGGAAx5;GGAATx3;TCCATx4;GAATGx5;ATTCCx7;ATGGAx3;ATTCCx8;AATGGx6;TGGAAx6;CATTCx5;ATTCCx9;TTCCAx6;AATGGx7;CCATTx2;GGAATx5;GAATGx6;TGGAAx7;ATGGAx4;TCCATx5;CATTCx6;TTCCAx7;GGAATx6
ERR1602657.fastq;AATGGx2;ATTCCx2;GAATGx2;GGAATx2;TGGAAx2;TCCATx2;CATTCx2;TTCCAx2;ATGGAx2;AATGGx3;ATTCCx3;GAATGx3;TGGAAx3;CCATTx2;GGAATx3;AATGGx4;GAATGx4;ATTCCx4;GGAATx4;CATTCx3;TCCATx3;TTCCAx3;TGGAAx4;ATGGAx3;CATTCx4;AATGGx5;TTCCAx4;ATTCCx5;TCCATx4;CCATTx3;GAATGx5;TGGAAx5;GGAATx5;ATGGAx4;ATTCCx6;CCATTx4;AATGGx6;CATTCx5;TTCCAx5;GGAATx6;GAATGx6;TCCATx5;ATTCCx7;TGGAAx6;AATGGx7;ATGGAx5;GGAATx7;AATGGx8;ATTCCx8;GAATGx7
ERR1602650.fastq;AATGGx2;ATTCCx2;GAATGx2;GGAATx2;TGGAAx2;TCCATx2;TTCCAx2;CATTCx2;ATGGAx2;AATGGx3;ATTCCx3;GAATGx3;TGGAAx3;CCATTx2;GGAATx3;AATGGx4;GAATGx4;ATTCCx4;GGAATx4;CATTCx3;TTCCAx3;TCCATx3;TGGAAx4;ATGGAx3;CATTCx4;TTCCAx4;AATGGx5;ATTCCx5;TCCATx4;CCATTx3;GAATGx5;TGGAAx5;GGAATx5;ATGGAx4;ATTCCx6;AATGGx6;CCATTx4;CATTCx5;TTCCAx5;GGAATx6;TGGAAx6;GAATGx6;TCCATx5;ATTCCx7;AATGGx7;ATGGAx5;ATTCCx8;GGAATx7;AATGGx8;GAATGx7
ERR251403.fastq;ATTCCx2;AATGGx2;TGGAAx2;TCCATx2;GGAATx2;GAATGx2;TTCCAx2;ATTCCx3;CATTCx2;ATGGAx2;CCATTx2;ATTCCx4;AATGGx3;TGGAAx3;GAATGx3;GGAATx3;GGAATx4;TTCCAx3;CATTCx3;GAATGx4;AATGGx4;CATTCx4;TCCATx3;TGGAAx4;TTCCAx4;ATTCCx5;ATGGAx3;CCATTx3;TCCATx4;ATTCCx6;AATGGx5;ATGGAx4;CCATTx4;GGAATx5;TGGAAx5;GAATGx5;TTCCAx5;CATTCx5;ATTCCx7;GGAATx6;AATGGx6;TCCATx5;ATTCCx8;TGGAAx6;ATGGAx5;GAATGx6;CATTCx6;ATTCCx9;GGAATx7;CCATTx5
ERR251325.fastq;ATTCCx2;AATGGx2;TCCATx2;TGGAAx2;GGAATx2;GAATGx2;TTCCAx2;ATTCCx3;CATTCx2;ATGGAx2;CCATTx2;ATTCCx4;AATGGx3;TGGAAx3;GAATGx3;GGAATx3;GGAATx4;GAATGx4;CATTCx3;TTCCAx3;CATTCx4;AATGGx4;TCCATx3;ATTCCx5;TGGAAx4;TTCCAx4;ATGGAx3;CCATTx3;TCCATx4;ATTCCx6;AATGGx5;ATGGAx4;TGGAAx5;CCATTx4;GGAATx5;GAATGx5;TTCCAx5;CATTCx5;ATTCCx7;GGAATx6;TCCATx5;ATTCCx8;AATGGx6;TGGAAx6;ATGGAx5;GAATGx6;CATTCx6;GGAATx7;CCATTx5;ATTCCx9
ERR1602664.fastq;AATGGx2;ATTCCx2;GAATGx2;GGAATx2;TGGAAx2;TCCATx2;TTCCAx2;CATTCx2;ATGGAx2;AATGGx3;ATTCCx3;GAATGx3;TGGAAx3;CCATTx2;GGAATx3;AATGGx4;GAATGx4;ATTCCx4;GGAATx4;CATTCx3;TTCCAx3;TCCATx3;TGGAAx4;CATTCx4;ATGGAx3;TTCCAx4;AATGGx5;ATTCCx5;TCCATx4;GAATGx5;CCATTx3;TGGAAx5;ATGGAx4;GGAATx5;ATTCCx6;AATGGx6;CATTCx5;TTCCAx5;CCATTx4;GGAATx6;GAATGx6;ATTCCx7;TGGAAx6;TCCATx5;ATGGAx5;AATGGx7;ATTCCx8;CATTCx6;GAATGx7;GGAATx7
ERR1602649.fastq;AATGGx2;ATTCCx2;GAATGx2;GGAATx2;TGGAAx2;TCCATx2;CATTCx2;TTCCAx2;ATGGAx2;AATGGx3;ATTCCx3;GAATGx3;CCATTx2;TGGAAx3;GGAATx3;GAATGx4;AATGGx4;ATTCCx4;GGAATx4;CATTCx3;TTCCAx3;TCCATx3;TGGAAx4;CATTCx4;ATGGAx3;AATGGx5;TTCCAx4;ATTCCx5;CCATTx3;GAATGx5;TCCATx4;TGGAAx5;GGAATx5;ATGGAx4;ATTCCx6;CCATTx4;AATGGx6;CATTCx5;GAATGx6;GGAATx6;TTCCAx5;TCCATx5;ATTCCx7;TGGAAx6;AATGGx7;ATGGAx5;GGAATx7;CATTCx6;ATTCCx8;AATGGx8
SRR7171664.fastq;GGGCTGGGGACCTGGAx2;CCCCAGCCCTCCAGGTx2;GGGCTGGGx2;AAAAAATx2;CAGCCCCCx2;AAAAATAx2;AATGGx2;ATTCCx2;TTCCAx2;GAATGx2;TGGAAx2;ATTCCx3;TCCATx2;AATGGx3;CATTCx2;ATTCCx4;GGAATx2;TGGAAx3;GAATGx4;TTCCAx3;GAATGx3;AATGGx4;TTCCAx4;ATGGAx2;CATTCx4;TGGAAx4;ATTCCx5;CATTCx3;CCCCAGCCx2;AATGGx5;GGAATx3;CTGGGGACCTGGAGGGx2;GGAATx4;ATTCCx6;ATGGAx3;GAATGx5;TCCATx3;AATGGx6;TGGAAx5;ATTCCx8;TTCCAx5;ATTCCx7;TCCCCAGCCCTCCAGGx2;TCCATx4;AATGGx7;GGAATx5;CATTCx5;TGGAAx6;TGGGGACCTGGAGGGCx2;GAATGx6
ERR1602663.fastq;AATGGx2;ATTCCx2;GAATGx2;GGAATx2;TGGAAx2;TCCATx2;TTCCAx2;CATTCx2;ATGGAx2;AATGGx3;ATTCCx3;GAATGx3;TGGAAx3;CCATTx2;GGAATx3;AATGGx4;GAATGx4;ATTCCx4;GGAATx4;CATTCx3;TTCCAx3;TCCATx3;TGGAAx4;ATGGAx3;CATTCx4;AATGGx5;TTCCAx4;ATTCCx5;TCCATx4;CCATTx3;GAATGx5;GGAATx5;TGGAAx5;ATGGAx4;ATTCCx6;CCATTx4;AATGGx6;CATTCx5;GGAATx6;TTCCAx5;GAATGx6;TCCATx5;TGGAAx6;ATTCCx7;ATGGAx5;AATGGx7;AATGGx8;GGAATx7;ATTCCx8;GAATGx7
ERR251342.fastq;ATTCCx2;AATGGx2;GAATGx2;TCCATx2;TGGAAx2;GGAATx2;ATTCCx3;TTCCAx2;CATTCx2;ATGGAx2;CCATTx2;ATTCCx4;AATGGx3;TGGAAx3;GAATGx3;GGAATx3;GGAATx4;CATTCx3;GAATGx4;TTCCAx3;CATTCx4;AATGGx4;TCCATx3;TTCCAx4;TGGAAx4;ATTCCx5;ATGGAx3;CCATTx3;TCCATx4;ATTCCx6;AATGGx5;ATGGAx4;TGGAAx5;GAATGx5;GGAATx5;CCATTx4;TTCCAx5;ATTCCx7;CATTCx5;GGAATx6;TCCATx5;ATTCCx8;AATGGx6;ATGGAx5;TGGAAx6;GAATGx6;CATTCx6;ATTCCx9;GGAATx7;CCATTx5
SRR7171674.fastq;GGGCTGGGGACCTGGAx2;CCCCAGCCCTCCAGGTx2;GGGCTGGGx2;AAAAAATx2;CAGCCCCCx2;CCCCAGCCx2;AAAAATAx2;AATGGx2;ATTCCx2;TTCCAx2;CTGGGGACCTGGAGGGx2;TGGAAx2;TGGAAx3;GAATGx2;TCCATx2;TTCCAx3;ATTCCx3;TCCCCAGCCCTCCAGGx2;CCCCCAGCx2;ATTCCx4;AATGGx3;CATTCx2;TTCCAx4;GGAATx2;AATGGx4;TGGAAx4;CATTCx3;GAATGx4;CTCCAGGTCCCCAGCCx2;ATTCCx5;GAATGx3;CATTCx4;TTCCAx5;TGGAAx5;GGAATx4;TGGGGACCTGGAGGGCx2;TCCATx3;ATGGAx2;ATTCCx6;AATGGx5;ATTCCx7;GGAATx3;GAATGx5;TCCATx4;AATGGx6;TTCCAx6;AATGGx7;TGGAAx6;CATTCx5;TTCCAx7
SRR7171661.fastq;AAAAAATx2;AAAAATAx2;AATGGx2;GAATGx2;ATTCCx2;TGGAAx2;TTCCAx2;AATGGx3;GAATGx3;TGGAAx4;TCCATx2;AATGGx4;ATTCCx3;GAATGx4;TTCCAx3;ATTCCx4;TGGAAx3;CATTCx2;GGAATx2;ATGGAx2;TTCCAx5;CATTCx4;TTCCAx4;CAGCCCCCx2;GAATGx6;GGAATx4;AATGGx5;AATGGx6;ATTCCx5;TCCATx3;TGGAAx5;AATGGx8;CCCCAGCCx2;GAATGx5;CATTCx3;ATTCCx7;GGAATx3;TGGAAx7;CATTCx6;AATGGx7;ATTCCx9;TCCATx4;ATTCCx8;ATGGAx3;TCCATx5;ATTCCx6;ATTCCx10;CATTCx5;GGAATx5;TTCCAx6
ERR251401.fastq;ATTCCx2;AATGGx2;TCCATx2;GAATGx2;TGGAAx2;GGAATx2;CATTCx2;TTCCAx2;ATTCCx3;ATGGAx2;CCATTx2;ATTCCx4;AATGGx3;TGGAAx3;GAATGx3;GGAATx3;GGAATx4;CATTCx3;TTCCAx3;GAATGx4;CATTCx4;TCCATx3;AATGGx4;TTCCAx4;TGGAAx4;ATTCCx5;ATGGAx3;CCATTx3;TCCATx4;ATTCCx6;AATGGx5;ATGGAx4;TGGAAx5;GGAATx5;CCATTx4;TTCCAx5;GAATGx5;CATTCx5;ATTCCx7;GGAATx6;TCCATx5;AATGGx6;ATTCCx8;TGGAAx6;ATGGAx5;CATTCx6;GAATGx6;CCATTx5;GGAATx7;ATTCCx9
ERR251404.fastq;ATTCCx2;AATGGx2;TGGAAx2;TCCATx2;GGAATx2;GAATGx2;TTCCAx2;ATTCCx3;CATTCx2;ATGGAx2;CCATTx2;ATTCCx4;AATGGx3;TGGAAx3;GAATGx3;GGAATx3;GGAATx4;TTCCAx3;GAATGx4;CATTCx3;AATGGx4;CATTCx4;TCCATx3;TGGAAx4;TTCCAx4;ATTCCx5;ATGGAx3;CCATTx3;TCCATx4;ATTCCx6;AATGGx5;ATGGAx4;TGGAAx5;GGAATx5;CCATTx4;GAATGx5;TTCCAx5;ATTCCx7;CATTCx5;GGAATx6;TCCATx5;AATGGx6;ATTCCx8;TGGAAx6;ATGGAx5;GAATGx6;CATTCx6;AATGGx7;ATTCCx9;GGAATx7
ERR251326.fastq;ATTCCx2;AATGGx2;TCCATx2;TGGAAx2;GGAATx2;GAATGx2;ATTCCx3;TTCCAx2;CATTCx2;ATGGAx2;CCATTx2;ATTCCx4;AATGGx3;TGGAAx3;GAATGx3;GGAATx3;GGAATx4;GAATGx4;TTCCAx3;CATTCx3;AATGGx4;CATTCx4;TCCATx3;ATTCCx5;TGGAAx4;TTCCAx4;ATGGAx3;CCATTx3;TCCATx4;ATTCCx6;AATGGx5;ATGGAx4;TGGAAx5;GGAATx5;GAATGx5;CCATTx4;TTCCAx5;CATTCx5;ATTCCx7;GGAATx6;TCCATx5;AATGGx6;ATTCCx8;TGGAAx6;ATGGAx5;GAATGx6;CATTCx6;AATGGx7;CCATTx5;GGAATx7
SRR7171672.fastq;GGGCTGGGGACCTGGAx2;CCCCAGCCCTCCAGGTx2;AAAAAATx2;AAAAATAx2;GGGCTGGGx2;CAGCCCCCx2;CCCCAGCCx2;AATGGx3;CTGGGGACCTGGAGGGx2;TTCCAx4;AATGGx4;ATTCCx2;AATGGx2;GGAATx2;CCCCCAGCx2;TTCCAx2;ATTCCx3;GGAATx3;CATTCx2;GGAATx7;GAATGx4;TCCCCAGCCCTCCAGGx2;GGAATx4;TTCCAx6;CATTCx4;TTCCAx3;CCATTx2;CATTCx3;TTCCAx7;AGCCCTCCAGGTCCCCx2;TGGAAx3;GAATGx2;TGGGGACCTGGAGGGCx2;TTCCAx5;AATGGx5;ATGGAx2;TGGAAx2;CCCAGCCCx3;TCCATx2;ATTCCx4;GAATGx3;ATTCCx5;GAATGx5;TAAAAAAx2;CCATTx3;ATTCCx8;TGGAAx6;ATTCCx7;GAATGx6;TGGAAx5
ERR251348.fastq;ATTCCx2;AATGGx2;TGGAAx2;TCCATx2;GGAATx2;GAATGx2;ATTCCx3;TTCCAx2;CATTCx2;ATGGAx2;CCATTx2;ATTCCx4;AATGGx3;TGGAAx3;GAATGx3;GGAATx3;GGAATx4;GAATGx4;CATTCx3;TTCCAx3;CATTCx4;AATGGx4;TCCATx3;ATTCCx5;TGGAAx4;TTCCAx4;CCATTx3;ATGGAx3;TCCATx4;ATTCCx6;AATGGx5;ATGGAx4;GGAATx5;TGGAAx5;GAATGx5;CCATTx4;TTCCAx5;ATTCCx7;CATTCx5;GGAATx6;TCCATx5;ATTCCx8;AATGGx6;TGGAAx6;ATGGAx5;CATTCx6;GAATGx6;CCATTx5;ATTCCx9;GGAATx7
SRR7171665.fastq;CCCCAGCCCTCCAGGTx2;GGGCTGGGGACCTGGAx2;GGGCTGGGx2;CAGCCCCCx2;AAAAAATx2;AAAAATAx2;CCCCAGCCx2;ATTCCx2;AATGGx2;TTCCAx2;TGGAAx3;TCCCCAGCCCTCCAGGx2;CCCCCAGCx2;TGGAAx2;CTGGGGACCTGGAGGGx2;GAATGx2;GGAATx2;GAATGx3;TGGGGACCTGGAGGGCx2;TTCCAx4;ATTCCx3;ATTCCx4;AATGGx4;GAATGx4;TCCATx2;TTCCAx3;ATGGAx2;CATTCx2;TGGAAx4;GGAATx4;AATGGx3;AATGGx5;ATTCCx8;CTCCAGGTCCCCAGCCx2;CATTCx3;CATTCx4;ATGGAx3;GGAATx3;TGGAAx5;ATTCCx7;TCCAGGTCCCCAGCCCx2;GGAATx5;ATTCCx5;TTCCAx5;AATGGx6;ATTCCx6;GGCTGGGGACCTGGAGx2;CCCAGCCCTCCAGGTCx2;CATTCx5;TCCATx3
ERR251378.fastq;ATTCCx2;AATGGx2;TCCATx2;GAATGx2;TGGAAx2;GGAATx2;CATTCx2;TTCCAx2;ATTCCx3;ATGGAx2;CCATTx2;ATTCCx4;AATGGx3;TGGAAx3;GAATGx3;GGAATx3;CATTCx3;GGAATx4;TTCCAx3;GAATGx4;CATTCx4;TCCATx3;AATGGx4;TGGAAx4;TTCCAx4;ATTCCx5;ATGGAx3;CCATTx3;TCCATx4;ATTCCx6;AATGGx5;ATGGAx4;CCATTx4;GAATGx5;TGGAAx5;GGAATx5;TTCCAx5;CATTCx5;ATTCCx7;TCCATx5;GGAATx6;ATTCCx8;AATGGx6;TGGAAx6;ATGGAx5;CATTCx6;GAATGx6;CCATTx5;ATTCCx9;AATGGx7
ERR251328.fastq;ATTCCx2;AATGGx2;TGGAAx2;TCCATx2;GGAATx2;GAATGx2;ATTCCx3;TTCCAx2;CATTCx2;ATGGAx2;CCATTx2;ATTCCx4;TGGAAx3;AATGGx3;GAATGx3;GGAATx3;TTCCAx3;GGAATx4;CATTCx3;GAATGx4;AATGGx4;CATTCx4;TCCATx3;TGGAAx4;TTCCAx4;ATTCCx5;CCATTx3;ATGGAx3;TCCATx4;ATTCCx6;ATGGAx4;AATGGx5;TGGAAx5;CCATTx4;GAATGx5;GGAATx5;TTCCAx5;CATTCx5;ATTCCx7;GGAATx6;ATTCCx8;TCCATx5;AATGGx6;TGGAAx6;GAATGx6;ATGGAx5;CATTCx6;ATTCCx9;AATGGx7;GGAATx7
ERR1602653.fastq;AATGGx2;ATTCCx2;GAATGx2;TGGAAx2;GGAATx2;TCCATx2;TTCCAx2;CATTCx2;ATGGAx2;ATTCCx3;AATGGx3;TGGAAx3;GAATGx3;GGAATx3;CCATTx2;ATTCCx4;AATGGx4;GAATGx4;GGAATx4;CATTCx3;TGGAAx4;TTCCAx3;TCCATx3;ATGGAx3;CATTCx4;TTCCAx4;ATTCCx5;AATGGx5;GAATGx5;TCCATx4;TGGAAx5;CCATTx3;GGAATx5;ATGGAx4;ATTCCx6;TTCCAx5;GGAATx6;AATGGx6;CATTCx5;TGGAAx6;CCATTx4;ATTCCx7;GAATGx6;TCCATx5;ATGGAx5;AATGGx7;ATTCCx8;GGAATx7;GAATGx7;CATTCx6
SRR7171669.fastq;GGGCTGGGGACCTGGAx2;CCCCAGCCCTCCAGGTx2;GGGCTGGGx2;AAAAAATx2;CAGCCCCCx2;AAAAATAx2;CCCCAGCCx2;AATGGx2;TTCCAx2;ATTCCx2;TGGAAx2;CTGGGGACCTGGAGGGx2;GAATGx2;TTCCAx3;TCCATx2;TGGAAx3;CATTCx2;AATGGx3;ATTCCx3;ATTCCx4;TTCCAx4;TGGAAx4;GGAATx2;CCCCCCAGx2;AATGGx4;TCCCCAGCCCTCCAGGx2;CATTCx3;GAATGx4;CATTCx4;TTCCAx5;GAATGx3;CTCCAGGTCCCCAGCCx2;TGGAAx5;CCCCCAGCx2;ATTCCx5;GGAATx4;ATGGAx2;AATGGx5;TCCATx3;CATTCx5;ATTCCx6;TGGGGACCTGGAGGGCx2;GGAATx3;GAATGx5;TCCATx4;TGGAAx6;TTCCAx6;AATGGx6;AATGGx7;ATTCCx7
SRR7171666.fastq;CCCCAGCCCTCCAGGTx2;GGGCTGGGGACCTGGAx2;GGGCTGGGx2;AAAAAATx2;CAGCCCCCx2;AAAAATAx2;AATGGx2;CCCCAGCCx2;TGGAAx2;TCCCCAGCCCTCCAGGx2;CTGGGGACCTGGAGGGx2;TGGAAx3;CTCCAGGTCCCCAGCCx2;AATGGx3;ATTCCx2;TGGGGACCTGGAGGGCx2;TTCCAx2;CATTCx2;GAATGx2;TGGAAx4;GGAATx2;AATGGx4;GGAATx6;TCCAGGTCCCCAGCCCx2;GAATGx4;ATTCCx3;GGAATx3;CCCCCAGCx2;TGGAAx5;ATGGAx2;CCCCCCAGx2;AATGGx7;CATTCx4;CATTCx6;GGAATx4;GAATGx5;AATGGx5;GAATGx3;CATTCx3;ATGGAx3;CCCAGCCCTCCAGGTCx2;TCCATx2;TGGAAx7;CCTCCAGGTCCCCAGCx2;ATTCCx5;GAATGx7;ATTCCx6;ATAAAAAx2;ATTCCx9;ATTCCx8
ERR1602668.fastq;AATGGx2;ATTCCx2;GAATGx2;GGAATx2;TGGAAx2;TCCATx2;TTCCAx2;CATTCx2;ATGGAx2;AATGGx3;ATTCCx3;GAATGx3;TGGAAx3;GGAATx3;CCATTx2;AATGGx4;GAATGx4;ATTCCx4;GGAATx4;TTCCAx3;CATTCx3;TGGAAx4;TCCATx3;CATTCx4;ATGGAx3;TTCCAx4;AATGGx5;ATTCCx5;TCCATx4;GAATGx5;TGGAAx5;CCATTx3;GGAATx5;ATGGAx4;ATTCCx6;TTCCAx5;AATGGx6;GGAATx6;CCATTx4;CATTCx5;GAATGx6;TGGAAx6;ATTCCx7;TCCATx5;AATGGx7;ATGGAx5;ATTCCx8;AATGGx8;GGAATx7;CATTCx6
ERR251344.fastq;ATTCCx2;AATGGx2;TGGAAx2;GAATGx2;TCCATx2;GGAATx2;ATTCCx3;TTCCAx2;CATTCx2;ATGGAx2;CCATTx2;ATTCCx4;TGGAAx3;AATGGx3;GAATGx3;GGAATx3;CATTCx3;TTCCAx3;GGAATx4;GAATGx4;CATTCx4;TCCATx3;TGGAAx4;AATGGx4;TTCCAx4;ATTCCx5;CCATTx3;ATGGAx3;TCCATx4;ATTCCx6;ATGGAx4;TGGAAx5;AATGGx5;GAATGx5;CCATTx4;GGAATx5;TTCCAx5;CATTCx5;ATTCCx7;GGAATx6;ATTCCx8;TCCATx5;AATGGx6;TGGAAx6;GAATGx6;ATGGAx5;CATTCx6;CCATTx5;ATTCCx9;AATGGx7
ERR251343.fastq;ATTCCx2;AATGGx2;TGGAAx2;GAATGx2;TCCATx2;GGAATx2;ATTCCx3;TTCCAx2;CATTCx2;ATGGAx2;CCATTx2;ATTCCx4;TGGAAx3;AATGGx3;GAATGx3;GGAATx3;CATTCx3;TTCCAx3;GGAATx4;GAATGx4;CATTCx4;TCCATx3;TGGAAx4;AATGGx4;TTCCAx4;ATTCCx5;CCATTx3;ATGGAx3;TCCATx4;ATTCCx6;ATGGAx4;AATGGx5;TGGAAx5;CCATTx4;GAATGx5;GGAATx5;TTCCAx5;CATTCx5;ATTCCx7;GGAATx6;ATTCCx8;TCCATx5;TGGAAx6;AATGGx6;GAATGx6;ATGGAx5;CATTCx6;CCATTx5;ATTCCx9;TTCCAx6
ERR1602652.fastq;AATGGx2;ATTCCx2;GAATGx2;TGGAAx2;GGAATx2;TCCATx2;CATTCx2;TTCCAx2;ATGGAx2;AATGGx3;ATTCCx3;GAATGx3;TGGAAx3;CCATTx2;GGAATx3;AATGGx4;GAATGx4;ATTCCx4;GGAATx4;CATTCx3;TTCCAx3;TCCATx3;TGGAAx4;CATTCx4;ATGGAx3;TTCCAx4;AATGGx5;ATTCCx5;TCCATx4;CCATTx3;GAATGx5;TGGAAx5;ATGGAx4;GGAATx5;ATTCCx6;AATGGx6;CATTCx5;CCATTx4;TTCCAx5;GGAATx6;GAATGx6;TGGAAx6;ATTCCx7;TCCATx5;AATGGx7;ATGGAx5;ATTCCx8;CATTCx6;GGAATx7;AATGGx8
SRR7171671.fastq;GGGCTGGGGACCTGGAx2;AAAAAATx2;CCCCAGCCCTCCAGGTx2;GGGCTGGGx2;AAAAATAx2;CAGCCCCCx2;CCCCAGCCx2;AATGGx2;ATTCCx2;AATGGx4;TCCATx2;AATGGx5;CTGGGGACCTGGAGGGx2;GAATGx2;TCCAGGTCCCCAGCCCx2;ATTCCx3;AAAACx6;GAATGx6;ATTCCx5;GAATGx3;CCCCCAGCx2;TTCCAx2;ATTCCx4;TCCCCAGCCCTCCAGGx2;GAATGx4;ATGGAx2;GGAATx5;TGGGGACCTGGAGGGCx2;GGAATx2;TGGAAx2;AATGGx3;CTCCAGGTCCCCAGCCx2;GGAATx3;GAATGx7;TTCCAx3;GGAATx4;CACACATCACACACACACx2;TTCCAx4;ATGGAx3;TATTGx7;TATTGx2;TTAGAGx5;TGGAAx3;CCATTx2;TTCCAx6;GAGGGAx6;CATTCx2;CCATTx5;GAATGx5;GGAATx6
ERR1602655.fastq;AATGGx2;ATTCCx2;GAATGx2;TGGAAx2;GGAATx2;TCCATx2;CATTCx2;TTCCAx2;ATGGAx2;AATGGx3;ATTCCx3;GAATGx3;TGGAAx3;CCATTx2;GGAATx3;GAATGx4;AATGGx4;ATTCCx4;CATTCx3;GGAATx4;TCCATx3;TTCCAx3;TGGAAx4;CATTCx4;ATGGAx3;TTCCAx4;CCATTx3;TCCATx4;AATGGx5;ATTCCx5;TGGAAx5;GAATGx5;GGAATx5;ATGGAx4;ATTCCx6;CCATTx4;CATTCx5;AATGGx6;TGGAAx6;TTCCAx5;GAATGx6;GGAATx6;TCCATx5;ATTCCx7;AATGGx7;ATGGAx5;ATTCCx8;GGAATx7;TGGAAx7;AATGGx8
SRR7171673.fastq;GGGCTGGGGACCTGGAx2;CCCCAGCCCTCCAGGTx2;GGGCTGGGx2;AAAAAATx2;CAGCCCCCx2;CCCCAGCCx2;AAAAATAx2;AATGGx2;ATTCCx2;TGGAAx2;TTCCAx2;CTGGGGACCTGGAGGGx2;GAATGx2;TTCCAx3;TGGAAx3;TCCATx2;TCCCCAGCCCTCCAGGx2;AATGGx3;ATTCCx3;CCCCCAGCx2;CATTCx2;TTCCAx4;GGAATx2;ATTCCx4;TGGAAx4;GAATGx4;AATGGx4;GAATGx3;CATTCx3;TGGAAx5;CATTCx4;ATTCCx5;GGAATx4;TTCCAx5;TCCATx3;CTCCAGGTCCCCAGCCx2;ATGGAx2;AATGGx5;GGAATx3;TCCATx4;TGGAAx6;TTCCAx6;ATTCCx6;GAATGx5;AATGGx6;TGGAAx7;ATTCCx7;CATTCx5;ATGGAx3;CCCCCCAGx2
ERR251345.fastq;ATTCCx2;AATGGx2;TCCATx2;GAATGx2;TGGAAx2;GGAATx2;TTCCAx2;ATTCCx3;CATTCx2;ATGGAx2;CCATTx2;ATTCCx4;AATGGx3;TGGAAx3;GAATGx3;GGAATx3;GGAATx4;TTCCAx3;GAATGx4;CATTCx3;CATTCx4;AATGGx4;TCCATx3;TTCCAx4;ATTCCx5;TGGAAx4;ATGGAx3;CCATTx3;TCCATx4;ATTCCx6;AATGGx5;ATGGAx4;GGAATx5;GAATGx5;TGGAAx5;TTCCAx5;CCATTx4;CATTCx5;ATTCCx7;TCCATx5;GGAATx6;AATGGx6;ATTCCx8;ATGGAx5;TGGAAx6;GAATGx6;CATTCx6;ATTCCx9;CCATTx5;GGAATx7
SRR7171679.fastq;AAAAAATx2;AAAAATAx2;ATTCCx4;AATGGx2;ATGGAx2;ATGGAx3;ATTCCx2;GGAATx2;GAATGx2;GGAATx4;CATTCx2;TGGAAx2;GGAATx3;ATGGAx6;AATGGx4;CAGCCCCCx2;ATTCCx3;GGAATx5;GAATGx3;CCCCAGCCx2;TTCCAx2;TCCATx2;TTCCAx3;GAATGx4;TGGAAx3;ATGGAx4;TCCATx3;ATTCCx10;GAATGx5;AATGGx3;CATTCx6;ATTCCx5;AAGAAx7;TGGAAx4;TGGAAx6;AATGGx5;TTCCAx4;ATTCCx8;ATGGAx5;ATGGAx8;CATTCx4;GGAATx9;ATTCCx7;GGAATx8;ATATACx2;CATTCx3;TTCCAx5;TCCATx8;GGAATx7;CCCCAGCCCTCCAGGTx2
SRR7171670.fastq;GGGCTGGGGACCTGGAx2;CCCCAGCCCTCCAGGTx2;GGGCTGGGx2;CAGCCCCCx2;AAAAAATx2;AAAAATAx2;CCCCAGCCx2;ATTCCx2;TTCCAx2;AATGGx2;TGGAAx2;CTGGGGACCTGGAGGGx2;GAATGx2;TGGAAx3;TCCATx2;TTCCAx3;CATTCx2;ATTCCx3;ATTCCx4;TTCCAx4;CCCCCAGCx2;AATGGx3;TCCCCAGCCCTCCAGGx2;GAATGx4;AATGGx4;TGGAAx4;GGAATx2;GAATGx3;CATTCx3;TTCCAx5;ATGGAx2;TCCATx3;CATTCx4;ATTCCx5;TGGGGACCTGGAGGGCx2;GGAATx4;CCCCCCAGx2;TGGAAx5;AATGGx5;GGAATx3;ATTCCx6;TGGAAx6;CATTCx5;CTCCAGGTCCCCAGCCx2;TTCCAx6;TCCATx4;GAATGx5;ATTCCx7;AATGGx6;ATTCCx8
ERR1602662.fastq;AATGGx2;ATTCCx2;GAATGx2;GGAATx2;TGGAAx2;TCCATx2;TTCCAx2;CATTCx2;ATGGAx2;AATGGx3;ATTCCx3;GAATGx3;TGGAAx3;CCATTx2;GGAATx3;AATGGx4;GAATGx4;ATTCCx4;GGAATx4;TTCCAx3;CATTCx3;TCCATx3;TGGAAx4;ATGGAx3;CATTCx4;TTCCAx4;AATGGx5;ATTCCx5;TCCATx4;CCATTx3;GAATGx5;GGAATx5;TGGAAx5;ATGGAx4;ATTCCx6;AATGGx6;CCATTx4;TTCCAx5;CATTCx5;GGAATx6;GAATGx6;TCCATx5;TGGAAx6;ATTCCx7;ATGGAx5;AATGGx7;GGAATx7;AATGGx8;ATTCCx8;CATTCx6
ERR1602665.fastq;AATGGx2;ATTCCx2;GAATGx2;TGGAAx2;GGAATx2;TCCATx2;TTCCAx2;CATTCx2;ATGGAx2;ATTCCx3;AATGGx3;TGGAAx3;GAATGx3;GGAATx3;CCATTx2;ATTCCx4;AATGGx4;GAATGx4;GGAATx4;CATTCx3;TGGAAx4;TTCCAx3;ATGGAx3;TCCATx3;CATTCx4;TTCCAx4;ATTCCx5;AATGGx5;TGGAAx5;GAATGx5;CCATTx3;TCCATx4;GGAATx5;ATGGAx4;ATTCCx6;TTCCAx5;AATGGx6;GGAATx6;TGGAAx6;CATTCx5;GAATGx6;ATTCCx7;CCATTx4;AATGGx7;ATGGAx5;TCCATx5;ATTCCx8;GGAATx7;AATGGx8;TGGAAx7
ERR1602659.fastq;AATGGx2;ATTCCx2;GAATGx2;GGAATx2;TGGAAx2;TCCATx2;CATTCx2;TTCCAx2;AATGGx3;ATGGAx2;ATTCCx3;GAATGx3;TGGAAx3;GGAATx3;CCATTx2;AATGGx4;GAATGx4;GGAATx4;ATTCCx4;CATTCx3;TGGAAx4;TTCCAx3;CATTCx4;TCCATx3;ATGGAx3;AATGGx5;ATTCCx5;TTCCAx4;CCATTx3;GAATGx5;TGGAAx5;GGAATx5;TCCATx4;ATGGAx4;ATTCCx6;AATGGx6;GGAATx6;CATTCx5;GAATGx6;TTCCAx5;CCATTx4;ATTCCx7;TGGAAx6;AATGGx7;GGAATx7;TCCATx5;ATGGAx5;ATTCCx8;CATTCx6;AATGGx8
